customer_id,completed_orders,net_revenue
1,18,89239.95
2,10,33095.08
3,17,90327.01
4,15,73300.59
5,17,67328.48
6,15,54392.88
7,19,70517.43
8,14,78649.11
9,16,80810.66
10,14,67140.82
11,20,86421.16
12,16,80560.68
13,17,47229.34
14,18,86180.49
15,16,70994.65
16,14,71451.12
17,17,118672.99
18,19,93084.34
19,14,91707.33
20,17,112207.2
21,17,49909.57
22,17,87982.97
23,16,77108.93
24,16,83864.13
25,17,91705.26
26,17,94725.31
27,14,45667.96
28,16,56377.87
29,14,42639.62
30,20,72769.79
31,14,57609.96
32,17,77889.09
33,16,77284.91
34,17,114889.45
35,13,41272.47
36,17,98478.0
37,19,78974.92
38,16,79540.02
39,18,89112.32
40,16,74705.77
41,17,85354.7
42,16,55079.27
43,18,99925.95
44,13,68773.0
45,14,103742.65
46,16,76991.28
47,18,72868.47
48,18,107087.8
49,18,83938.87
50,16,92322.07
51,19,59915.57
52,15,47256.74
53,16,52135.91
54,18,81941.32
55,19,63960.81
56,18,66614.28
57,17,64298.92
58,12,40927.23
59,17,76621.91
60,17,86469.88
61,16,113596.88
62,20,65998.9
63,18,89670.65
64,15,58462.85
65,19,92251.03
66,18,92651.08
67,16,61218.16
68,17,63342.78
69,14,79770.11
70,15,99871.98
71,17,98933.1
72,19,85357.95
73,18,55640.05
74,17,63640.66
75,17,71937.56
76,19,102530.43
77,17,84907.01
78,15,58668.08
79,20,84679.63
80,17,67085.7
81,16,82543.32
82,16,70740.39
83,21,45004.13
84,16,92874.32
85,17,97208.93
86,15,82190.13
87,16,52154.92
88,13,45559.12
89,15,64948.38
90,15,82036.99
91,17,81421.48
92,18,64949.96
93,17,86078.11
94,13,79862.27
95,14,82693.48
96,18,91445.97
97,16,60606.78
98,15,57119.79
99,18,148240.76
100,16,88482.2
101,14,72776.66
102,18,62635.73
103,18,118062.05
104,15,66540.82
105,14,71153.36
106,17,68470.12
107,18,68308.88
108,17,76181.79
109,19,99627.23
110,16,54233.72
111,19,94468.82
112,16,66283.63
113,17,99720.28
114,16,102175.95
115,17,80409.46
116,17,84848.08
117,17,86700.45
118,17,72181.61
119,16,74270.7
120,17,62528.39
121,19,81598.08
122,18,99161.81
123,17,76523.67
124,15,58451.89
125,17,72972.58
126,14,75621.07
127,17,116171.37
128,17,55146.43
129,15,82782.47
130,16,86754.22
131,16,110345.93
132,18,84901.63
133,19,80084.5
134,18,95154.09
135,15,80001.5
136,15,84721.08
137,16,71597.99
138,18,67940.47
139,16,78135.31
140,20,105899.75
141,16,107232.8
142,18,78474.19
143,15,83872.81
144,18,92985.23
145,17,97315.8
146,17,97747.52
147,17,76458.5
148,17,99182.36
149,17,65055.07
150,16,70840.85
151,17,73547.36
152,16,71278.56
153,18,90384.12
154,19,96885.43
155,17,64470.22
156,16,93506.76
157,19,131425.26
158,15,109501.01
159,16,101046.71
160,18,75450.45
161,18,85973.55
162,17,96989.82
163,17,65818.76
164,15,48225.6
165,19,89014.74
166,15,61788.57
167,19,92395.98
168,16,85349.9
169,16,52373.25
170,16,77563.42
171,16,90225.18
172,20,86447.63
173,18,96945.76
174,16,120177.8
175,18,73685.08
176,20,94661.53
177,14,76200.94
178,15,41889.93
179,20,73626.6
180,15,56658.65
181,18,77292.12
182,14,70981.65
183,16,56625.09
184,19,78057.2
185,16,68392.95
186,18,86517.48
187,15,56479.65
188,20,113851.9
189,18,89980.59
190,15,73971.31
191,17,90681.87
192,18,94241.09
193,18,100863.71
194,20,86746.55
195,18,85527.12
196,18,57286.94
197,16,51714.59
198,15,83845.02
199,11,57820.98
200,12,50278.69
201,20,111538.07
202,13,41846.67
203,16,76796.69
204,14,78793.32
205,20,67592.89
206,20,75450.38
207,17,85934.53
208,15,81701.69
209,20,73266.85
210,17,65278.74
211,17,69530.17
212,16,56087.77
213,16,67048.19
214,15,96015.04
215,15,61184.81
216,17,87529.58
217,13,60962.01
218,16,64422.91
219,20,89408.39
220,19,82727.55
221,16,81377.28
222,16,99070.42
223,12,36306.91
224,12,45001.54
225,16,58129.09
226,17,66647.38
227,15,62404.8
228,13,54507.99
229,17,90223.31
230,17,79794.86
231,15,94322.94
232,18,69758.06
233,19,103909.68
234,18,71282.93
235,13,34342.51
236,15,62500.94
237,14,90541.93
238,13,82368.12
239,19,65330.45
240,19,58526.34
241,19,69273.64
242,14,64256.06
243,15,82271.34
244,17,78867.93
245,18,117319.84
246,15,72938.55
247,12,51414.37
248,19,53577.13
249,16,97966.5
250,15,85072.7
251,16,81082.86
252,17,72168.33
253,18,53324.75
254,17,110663.14
255,16,76162.2
256,16,88533.33
257,20,116554.88
258,17,80010.15
259,20,117337.84
260,19,121162.31
261,18,95664.81
262,14,61181.57
263,18,115388.82
264,16,65394.96
265,19,78278.24
266,19,71147.32
267,18,77449.64
268,19,83466.79
269,17,59227.1
270,18,107201.16
271,15,51465.32
272,16,111411.48
273,18,51413.17
274,15,85780.72
275,15,85137.43
276,18,100818.8
277,19,103099.28
278,19,107747.83
279,17,73504.75
280,20,121995.47
281,17,74277.54
282,16,80953.9
283,17,107333.11
284,14,65161.49
285,19,97047.16
286,19,125822.11
287,20,81788.68
288,17,71593.01
289,18,119773.49
290,18,103614.2
291,17,92637.14
292,19,84985.76
293,15,68069.43
294,11,69056.95
295,17,105399.87
296,18,115050.79
297,18,101365.09
298,12,68960.3
299,14,77814.14
300,16,76266.42
301,16,47724.77
302,19,92103.7
303,17,65605.56
304,17,84948.14
305,17,60343.84
306,15,79398.23
307,16,70510.63
308,17,96268.08
309,18,85040.51
310,20,88725.0
311,19,91237.67
312,18,61725.88
313,18,87020.15
314,18,77140.17
315,17,87535.29
316,13,62717.63
317,17,87192.63
318,15,103490.81
319,18,87851.43
320,17,77850.95
321,16,84116.63
322,19,92648.53
323,13,22261.15
324,16,111021.31
325,18,83253.2
326,17,95820.51
327,16,66034.16
328,19,82101.23
329,17,78337.39
330,15,66991.43
331,15,92468.63
332,16,60749.94
333,15,56872.95
334,11,58753.89
335,16,125362.68
336,18,80661.66
337,16,92812.24
338,15,65654.05
339,14,51098.0
340,17,61633.4
341,18,91844.31
342,13,64072.32
343,15,53681.04
344,20,85125.36
345,20,120992.8
346,18,95054.03
347,21,78663.23
348,16,53277.63
349,19,83553.48
350,16,88796.35
351,18,100462.74
352,15,63938.07
353,16,70538.63
354,17,75175.98
355,15,60256.13
356,17,58018.49
357,14,70167.43
358,16,106433.97
359,17,73303.12
360,19,84489.19
361,19,83359.11
362,18,96705.66
363,16,94685.69
364,18,79146.71
365,15,64467.71
366,19,81097.44
367,18,70754.75
368,14,94613.74
369,18,115769.87
370,15,53733.56
371,16,86934.98
372,17,88839.69
373,20,69699.22
374,16,82211.38
375,16,71272.58
376,17,48634.56
377,12,52985.83
378,17,82358.36
379,15,77126.18
380,17,89948.68
381,15,58189.63
382,14,52425.87
383,17,95588.05
384,19,49146.58
385,16,58039.15
386,16,59112.44
387,18,56467.02
388,16,93085.9
389,19,70029.41
390,16,101155.73
391,18,80082.42
392,18,106509.83
393,18,109049.95
394,19,95469.42
395,17,71376.1
396,15,87441.42
397,17,71587.5
398,17,85158.26
399,13,55680.27
400,19,107604.03
401,16,84991.93
402,18,85085.5
403,15,60214.03
404,16,67524.03
405,15,87972.33
406,17,63138.13
407,18,91593.77
408,18,99780.61
409,13,72497.44
410,18,81263.5
411,15,74385.95
412,17,87923.19
413,18,88786.47
414,15,85088.53
415,19,62300.03
416,15,79940.06
417,16,80955.93
418,16,83535.42
419,19,107152.49
420,18,95730.3
421,6,34361.72
422,8,33004.36
423,6,23123.87
424,6,35450.51
425,5,36664.21
426,5,31747.31
427,6,52507.39
428,6,26730.76
429,7,54198.03
430,6,33678.61
431,5,37946.4
432,6,28105.2
433,6,27081.33
434,7,27635.59
435,5,14016.91
436,6,41805.41
437,6,14632.02
438,4,22097.64
439,6,30613.71
440,5,31044.09
441,8,10770.77
442,7,37144.43
443,5,11467.4
444,4,25505.46
445,7,45288.56
446,7,16992.54
447,5,24383.37
448,7,20710.24
449,6,37933.34
450,4,28377.1
451,5,26884.01
452,4,14257.65
453,7,51397.66
454,5,17580.9
455,8,59645.7
456,5,18293.41
457,6,17802.65
458,7,36352.45
459,5,36764.36
460,6,19883.83
461,7,31203.71
462,7,21420.54
463,7,39757.1
464,7,38259.2
465,6,41735.33
466,6,29232.2
467,7,50965.76
468,7,16091.06
469,6,23005.96
470,7,44841.23
471,6,58258.27
472,6,33492.92
473,6,28495.81
474,8,33511.87
475,5,6961.74
476,8,25668.52
477,6,60580.54
478,5,19954.55
479,7,26791.99
480,7,44533.66
481,8,24789.29
482,4,11806.34
483,5,11807.61
484,3,20505.17
485,6,13110.33
486,7,27399.42
487,7,74611.35
488,6,35237.69
489,8,54674.33
490,7,26407.36
491,5,23870.44
492,4,9145.85
493,7,20944.54
494,8,26164.18
495,7,41477.72
496,8,39404.6
497,5,37935.22
498,8,38514.95
499,6,24545.85
500,7,59404.61
501,5,6506.87
502,5,24661.39
503,6,20126.65
504,6,45591.13
505,4,20548.97
506,4,11360.83
507,8,49245.71
508,8,41789.95
509,5,18299.73
510,6,28285.33
511,6,19120.45
512,4,9861.76
513,7,28837.66
514,8,39318.36
515,8,32267.43
516,6,16238.54
517,7,27212.95
518,5,40783.34
519,8,45573.39
520,7,11603.11
521,8,29352.63
522,5,24765.81
523,7,50053.18
524,5,31921.93
525,7,36684.28
526,7,24989.11
527,7,60721.63
528,7,29825.21
529,8,35742.78
530,6,18810.0
531,5,26739.57
532,7,68583.49
533,7,32297.04
534,6,39549.44
535,7,28915.35
536,4,20530.56
537,5,23220.17
538,8,30516.1
539,9,36201.54
540,8,43337.27
541,7,22549.74
542,6,18686.79
543,7,21768.71
544,8,59935.98
545,6,51121.95
546,6,54017.39
547,6,38953.85
548,7,29062.76
549,5,14117.62
550,6,16088.53
551,6,25911.24
552,8,30971.07
553,7,46375.45
554,6,31331.62
555,6,36666.94
556,6,27748.05
557,5,24215.08
558,7,25814.25
559,7,37733.68
560,8,47201.78
561,7,21473.29
562,6,24702.13
563,6,17138.5
564,6,39164.05
565,7,36493.04
566,7,29382.45
567,8,28442.45
568,3,5676.71
569,8,39325.51
570,3,11948.93
571,7,46993.62
572,6,41649.74
573,7,15483.88
574,6,53487.42
575,6,17097.67
576,7,38646.18
577,5,44812.38
578,6,23000.43
579,6,42561.81
580,6,31137.32
581,8,46745.44
582,6,32659.64
583,6,41505.9
584,6,25499.46
585,8,43945.78
586,6,22259.91
587,6,17184.43
588,7,33611.43
589,6,50983.8
590,6,27330.62
591,6,37054.3
592,5,29521.81
593,6,15267.96
594,7,74523.62
595,7,45372.53
596,6,26388.34
597,6,20914.17
598,6,39629.26
599,4,26504.97
600,7,35581.8
601,6,16129.57
602,6,21387.12
603,8,40248.99
604,9,39339.68
605,6,28234.19
606,8,34326.43
607,7,26920.78
608,5,25701.93
609,6,34469.96
610,4,10268.96
611,6,32280.86
612,5,17970.43
613,6,16021.86
614,6,33424.46
615,4,25717.87
616,7,24274.53
617,8,24839.45
618,8,17415.31
619,6,15208.24
620,6,14048.6
621,7,43418.36
622,6,33182.44
623,5,40040.27
624,7,44067.43
625,6,27388.03
626,6,14889.56
627,6,16167.23
628,6,45194.59
629,8,55362.0
630,6,20656.01
631,6,22202.08
632,5,23719.55
633,7,61477.52
634,6,26893.75
635,5,24618.82
636,6,35605.56
637,7,36854.98
638,6,18345.08
639,6,16210.98
640,6,31726.23
641,7,21657.58
642,7,28647.78
643,7,22298.78
644,6,22530.16
645,7,39262.99
646,5,26039.74
647,7,17684.79
648,6,34836.34
649,6,46105.54
650,8,59265.89
651,5,18719.53
652,4,31147.6
653,7,12500.05
654,6,29933.09
655,6,30696.26
656,6,28537.85
657,7,40409.88
658,7,35240.62
659,7,35759.26
660,8,31734.31
661,5,11002.46
662,6,47973.35
663,5,11097.46
664,8,65572.82
665,6,44967.52
666,5,21767.23
667,6,26795.21
668,3,6885.7
669,7,40303.6
670,5,19064.89
671,6,24782.72
672,5,30305.89
673,7,17385.3
674,5,10645.09
675,9,29924.38
676,7,27727.92
677,6,27602.64
678,6,11687.15
679,8,19960.3
680,5,20931.04
681,8,34681.84
682,5,19477.77
683,5,45254.21
684,6,32273.31
685,6,29342.75
686,5,30267.89
687,5,41636.0
688,6,30826.81
689,6,17773.03
690,6,19410.55
691,8,25412.75
692,6,23544.33
693,6,30858.82
694,8,49849.04
695,6,28881.92
696,4,13178.52
697,5,28991.09
698,7,32462.11
699,3,19432.68
700,8,38410.46
701,7,32012.26
702,3,13046.37
703,7,37580.06
704,6,31014.77
705,6,34015.52
706,6,31600.22
707,6,35148.58
708,6,31187.79
709,6,30705.4
710,8,34554.78
711,4,20226.87
712,4,21492.12
713,6,28202.46
714,7,18709.34
715,4,22695.55
716,7,26251.65
717,5,42943.09
718,6,55794.98
719,7,51098.93
720,3,19249.31
721,6,20044.46
722,5,7654.59
723,4,11179.85
724,7,18730.77
725,7,57144.71
726,7,20867.18
727,5,17951.37
728,7,31947.58
729,6,32620.98
730,6,33013.82
731,6,39870.71
732,5,41587.51
733,8,23989.34
734,6,20571.29
735,6,41446.85
736,6,29446.15
737,4,36823.57
738,7,29408.62
739,5,13821.64
740,8,23676.32
741,6,19002.95
742,5,19715.18
743,7,19357.34
744,7,29716.05
745,7,26918.86
746,5,23411.59
747,6,20140.96
748,6,20443.22
749,5,7924.94
750,3,17917.38
751,7,65639.51
752,6,25614.94
753,7,38450.57
754,4,34531.03
755,6,16989.64
756,5,16846.9
757,7,25449.49
758,6,41237.59
759,5,20114.26
760,7,38039.84
761,7,30312.66
762,8,25410.32
763,6,42012.81
764,6,36268.84
765,6,27355.25
766,5,41399.03
767,6,21344.83
768,6,26961.87
769,5,42193.86
770,7,37691.13
771,6,26553.72
772,7,35198.86
773,6,31826.31
774,5,28691.66
775,3,17487.65
776,7,39131.3
777,6,16206.69
778,7,16976.49
779,8,30486.17
780,7,22271.88
781,7,24899.82
782,7,22263.33
783,8,35470.1
784,8,29357.58
785,7,13474.2
786,7,30392.16
787,6,42008.74
788,6,14564.23
789,7,37953.45
790,6,27314.97
791,8,46029.63
792,3,13802.24
793,7,19370.74
794,6,31965.12
795,7,31508.41
796,5,12615.84
797,5,31882.04
798,6,22149.06
799,6,22311.86
800,4,13062.21
801,8,39285.59
802,5,28447.16
803,5,32684.45
804,7,18326.91
805,7,30567.1
806,8,37776.36
807,6,32904.05
808,7,17000.7
809,6,24083.47
810,6,18409.56
811,7,17765.79
812,7,29542.02
813,9,89454.21
814,5,30620.53
815,6,34663.59
816,8,39137.33
817,6,34523.97
818,8,29590.71
819,6,30568.38
820,6,26676.87
821,6,36332.64
822,5,7801.46
823,7,36954.88
824,7,48043.09
825,6,31444.63
826,6,13446.03
827,7,50423.5
828,5,27726.95
829,6,26935.89
830,6,11173.87
831,5,17800.56
832,7,32273.29
833,5,36350.37
834,5,12952.96
835,7,49263.17
836,6,19765.52
837,2,9192.81
838,8,30326.97
839,7,56859.98
840,7,31922.15
841,6,38878.4
842,6,25082.11
843,3,23872.46
844,6,39204.14
845,6,21821.74
846,7,20135.93
847,7,27765.56
848,7,26204.48
849,6,36456.49
850,4,8852.69
851,5,18564.27
852,6,18316.21
853,7,51347.73
854,7,62940.79
855,5,29664.99
856,8,49344.77
857,4,18400.76
858,8,45392.19
859,6,24926.56
860,9,47811.54
861,6,10300.39
862,6,50707.2
863,7,35646.1
864,7,38703.86
865,6,40368.65
866,7,49298.42
867,6,41146.35
868,8,45757.61
869,7,47279.25
870,5,32838.6
871,6,13007.42
872,6,18703.57
873,5,23070.04
874,6,24171.72
875,6,21626.9
876,6,13382.43
877,8,19199.1
878,7,42492.69
879,6,8013.99
880,5,35242.09
881,6,31724.09
882,5,64443.69
883,7,30130.53
884,7,39258.36
885,4,23789.85
886,7,51240.65
887,7,25645.97
888,6,26807.57
889,8,20316.95
890,4,11456.3
891,5,26165.86
892,5,20194.11
893,6,28893.44
894,6,12675.58
895,7,50387.82
896,7,25927.8
897,5,29655.88
898,7,24000.61
899,7,10239.99
900,5,21548.94
901,7,35364.43
902,5,11591.93
903,6,32510.61
904,5,19482.36
905,8,43306.0
906,7,34885.0
907,7,42401.62
908,5,14597.15
909,6,22386.5
910,5,24669.57
911,7,56540.58
912,6,42314.11
913,6,58189.35
914,5,21071.81
915,7,31489.95
916,8,44591.53
917,7,22778.84
918,5,22346.31
919,7,55854.63
920,6,14262.46
921,5,44985.95
922,5,14502.17
923,7,34376.25
924,7,12775.56
925,7,36538.44
926,6,18169.3
927,5,22180.35
928,6,28446.38
929,5,31715.26
930,8,37071.15
931,6,22371.74
932,6,31284.73
933,8,39407.93
934,6,27915.31
935,7,34601.59
936,6,26421.11
937,6,27302.12
938,6,17484.46
939,7,32146.21
940,6,32873.49
941,6,24824.94
942,5,29609.35
943,3,9412.92
944,8,42443.23
945,8,8388.34
946,7,25834.85
947,7,16474.19
948,6,50322.86
949,9,54392.81
950,6,38071.13
951,6,58049.92
952,6,30343.61
953,7,20645.57
954,7,16082.8
955,6,32381.62
956,7,43794.29
957,6,11849.27
958,8,29409.46
959,7,43506.71
960,3,30081.24
961,7,33154.63
962,6,41864.6
963,3,16137.64
964,7,28160.66
965,6,28082.96
966,7,27827.49
967,8,37762.84
968,6,25280.12
969,5,14975.08
970,6,14405.38
971,6,41947.63
972,6,17887.37
973,6,35200.26
974,6,9446.06
975,4,18128.62
976,5,16106.91
977,6,30213.84
978,6,20378.91
979,5,22103.94
980,5,21613.17
981,6,14280.81
982,6,36439.92
983,6,39828.24
984,5,36301.24
985,8,38358.52
986,7,38141.47
987,8,59630.08
988,7,41449.85
989,5,17021.04
990,7,36133.81
991,6,23774.89
992,6,28118.13
993,6,47554.76
994,7,20599.14
995,7,16385.98
996,6,29036.49
997,7,30354.31
998,5,21958.95
999,6,42752.45
1000,6,29614.63
1001,6,43045.38
1002,7,18167.66
1003,6,46909.7
1004,4,27807.83
1005,7,60008.66
1006,6,27213.78
1007,5,32988.58
1008,6,28524.92
1009,5,13403.06
1010,6,15954.71
1011,6,10409.7
1012,4,27305.65
1013,4,14512.08
1014,8,31592.95
1015,6,36244.48
1016,6,27538.59
1017,5,34648.43
1018,6,20933.15
1019,5,24396.83
1020,6,35812.7
1021,7,31532.42
1022,6,49385.67
1023,6,39337.25
1024,7,27463.96
1025,6,22718.28
1026,6,28316.79
1027,5,12011.42
1028,7,29611.13
1029,5,30800.98
1030,5,40504.55
1031,7,15280.52
1032,7,46100.75
1033,6,19830.81
1034,9,45006.71
1035,7,26393.75
1036,6,29150.33
1037,4,16598.42
1038,5,12043.8
1039,5,45713.5
1040,6,28701.49
1041,4,5837.52
1042,5,26257.76
1043,7,32863.65
1044,7,41868.63
1045,4,7734.59
1046,6,30140.07
1047,7,30301.54
1048,7,29218.89
1049,7,32430.63
1050,7,27313.67
1051,8,44951.02
1052,8,21076.62
1053,7,41416.04
1054,6,30624.11
1055,6,36818.18
1056,7,38791.02
1057,7,48569.04
1058,6,40623.62
1059,5,34432.6
1060,6,38691.27
1061,7,42291.98
1062,4,30264.41
1063,5,21556.82
1064,6,26507.25
1065,6,23171.79
1066,7,31287.35
1067,6,27222.83
1068,6,22067.48
1069,7,21758.64
1070,8,39013.33
1071,6,45003.26
1072,7,45139.46
1073,6,41069.71
1074,6,62646.19
1075,6,24732.95
1076,5,37692.37
1077,6,31267.64
1078,7,41263.86
1079,7,24089.92
1080,6,15989.41
1081,8,46668.22
1082,8,19366.75
1083,6,23156.58
1084,8,24620.09
1085,8,36619.44
1086,7,53221.07
1087,5,38175.63
1088,5,11458.73
1089,5,48992.86
1090,7,27799.26
1091,6,15066.31
1092,6,34386.54
1093,5,22885.53
1094,4,12291.12
1095,7,27809.07
1096,7,45481.44
1097,6,43404.01
1098,6,38430.29
1099,6,31221.58
1100,6,30042.6
1101,6,39648.59
1102,4,6263.06
1103,7,33012.82
1104,7,34966.98
1105,6,28922.09
1106,7,37801.03
1107,8,30144.68
1108,6,28263.68
1109,7,34376.8
1110,7,56514.68
1111,6,45113.68
1112,6,46687.5
1113,8,42511.43
1114,4,17858.35
1115,7,41522.83
1116,7,38126.8
1117,8,40006.08
1118,5,46862.6
1119,6,19647.47
1120,7,26792.17
1121,6,27017.03
1122,6,26466.26
1123,7,30870.49
1124,6,42782.56
1125,6,35642.54
1126,6,34721.84
1127,7,54568.56
1128,6,32786.88
1129,6,19990.04
1130,6,22589.51
1131,6,26081.06
1132,5,38884.57
1133,4,20334.06
1134,7,27388.49
1135,9,35884.63
1136,7,19877.76
1137,6,41507.99
1138,5,7164.39
1139,7,17679.46
1140,7,32664.08
1141,6,24205.36
1142,6,40787.82
1143,6,23255.64
1144,7,41674.59
1145,7,60104.9
1146,6,11987.22
1147,6,32408.38
1148,4,5564.93
1149,7,37174.3
1150,7,24579.13
1151,8,49125.56
1152,4,25989.3
1153,7,35463.98
1154,5,20127.93
1155,8,13403.24
1156,6,28445.15
1157,5,28442.94
1158,7,37327.57
1159,5,34630.69
1160,5,14097.03
1161,7,23361.14
1162,5,36389.87
1163,6,40773.19
1164,7,55859.61
1165,8,40954.87
1166,4,28735.93
1167,7,39781.16
1168,5,27445.33
1169,6,27511.42
1170,8,35619.66
1171,6,28002.91
1172,6,23014.72
1173,4,14282.44
1174,5,18364.61
1175,5,10807.69
1176,3,13762.13
1177,6,26989.16
1178,6,14804.62
1179,5,22953.23
1180,5,11579.35
1181,5,16489.57
1182,9,44304.32
1183,7,41850.34
1184,4,12588.61
1185,6,7921.02
1186,7,37115.54
1187,5,26296.74
1188,8,38900.31
1189,7,16935.4
1190,5,23431.6
1191,8,42909.46
1192,6,33997.84
1193,7,40476.06
1194,5,16959.92
1195,6,39204.24
1196,7,30541.86
1197,6,39468.21
1198,5,32105.67
1199,6,37715.43
1200,5,19206.66
1201,7,42296.03
1202,6,20323.09
1203,4,15566.2
1204,7,66389.4
1205,5,19874.74
1206,8,67830.37
1207,7,14899.86
1208,4,33666.2
1209,7,19830.2
1210,4,25769.89
1211,7,63153.52
1212,5,25836.87
1213,7,29280.84
1214,6,21730.09
1215,6,18835.03
1216,5,37709.36
1217,7,19402.02
1218,7,28455.95
1219,7,37835.21
1220,6,42346.75
1221,8,21969.02
1222,6,17835.1
1223,5,16068.92
1224,6,31126.63
1225,4,8878.95
1226,6,20702.29
1227,3,23031.26
1228,4,14093.53
1229,9,36916.01
1230,7,28554.17
1231,6,22902.8
1232,7,30968.84
1233,6,25045.7
1234,4,7485.55
1235,7,37554.24
1236,5,14902.54
1237,6,27948.57
1238,6,25368.86
1239,7,17294.13
1240,5,25563.47
1241,6,19251.85
1242,7,46008.05
1243,7,42605.46
1244,5,17627.0
1245,8,35446.45
1246,7,23684.81
1247,7,47716.64
1248,6,50793.48
1249,5,16119.77
1250,6,30049.14
1251,5,12292.33
1252,8,46056.47
1253,6,14567.1
1254,7,48377.5
1255,6,23633.24
1256,8,24893.35
1257,6,33354.19
1258,8,23041.61
1259,6,22727.19
1260,7,28312.12
1261,4,24503.9
1262,7,28639.01
1263,8,41925.59
1264,6,23936.83
1265,6,35613.43
1266,5,26558.3
1267,6,33172.29
1268,7,19285.24
1269,7,24215.02
1270,7,27161.84
1271,6,13673.88
1272,6,49162.44
1273,7,21116.93
1274,7,25661.89
1275,7,31805.7
1276,6,41997.64
1277,5,12500.89
1278,6,31850.51
1279,6,24867.83
1280,5,35541.21
1281,7,35206.64
1282,8,38634.96
1283,8,45528.39
1284,7,45045.85
1285,6,36410.24
1286,5,11125.59
1287,6,43360.62
1288,6,31902.21
1289,8,34113.4
1290,8,41419.95
1291,6,44533.35
1292,7,24757.24
1293,5,32931.32
1294,7,22387.71
1295,7,27154.87
1296,6,42647.22
1297,4,10205.91
1298,6,11641.33
1299,7,33760.95
1300,8,44826.26
1301,6,15552.71
1302,7,29563.35
1303,5,13500.55
1304,6,17088.02
1305,7,23184.57
1306,6,34385.24
1307,3,20491.39
1308,5,18738.22
1309,6,24360.39
1310,6,15929.7
1311,9,36457.7
1312,9,56874.4
1313,6,32971.81
1314,6,40466.1
1315,7,30618.83
1316,7,30819.41
1317,6,22078.81
1318,8,15963.27
1319,6,27685.2
1320,7,54444.6
1321,6,29011.41
1322,6,42986.44
1323,5,17840.12
1324,7,23109.57
1325,7,15104.54
1326,5,32260.45
1327,8,44730.75
1328,6,17584.63
1329,6,47810.68
1330,7,48205.51
1331,8,41062.04
1332,5,27041.12
1333,6,43250.24
1334,8,31144.68
1335,7,35020.39
1336,7,33435.97
1337,7,39432.16
1338,5,38041.85
1339,6,44895.03
1340,7,46130.49
1341,5,18669.61
1342,6,13831.05
1343,7,28430.16
1344,6,13995.97
1345,8,16190.35
1346,6,18686.56
1347,5,21004.4
1348,6,38462.91
1349,8,48133.22
1350,7,33759.26
1351,6,9876.58
1352,8,19548.6
1353,7,25975.1
1354,5,25154.11
1355,6,19247.58
1356,8,28059.72
1357,9,45354.07
1358,7,44089.29
1359,8,19764.28
1360,5,17499.51
1361,5,11149.67
1362,8,40632.03
1363,4,26992.59
1364,7,47004.88
1365,6,27511.25
1366,6,33169.14
1367,7,33170.99
1368,7,31707.16
1369,6,32969.5
1370,6,33791.74
1371,5,20519.4
1372,6,40323.9
1373,6,30311.08
1374,6,18351.2
1375,7,34381.45
1376,5,18301.79
1377,5,24773.68
1378,4,23814.1
1379,7,26356.57
1380,5,8203.76
1381,7,24973.06
1382,4,32420.68
1383,7,24042.87
1384,7,67067.4
1385,3,5452.02
1386,5,15355.85
1387,5,30763.72
1388,5,21255.52
1389,6,40979.73
1390,8,55571.45
1391,7,47905.41
1392,5,18682.38
1393,5,38101.63
1394,8,72714.64
1395,8,40630.63
1396,5,29799.69
1397,6,35367.73
1398,7,49221.08
1399,6,25656.55
1400,2,5830.69
1401,4,26334.35
1402,2,9283.94
1403,3,4255.61
1404,2,11595.9
1405,1,1569.15
1406,2,10952.61
1407,3,13407.47
1408,1,753.02
1409,3,24744.11
1410,3,17630.16
1411,2,17514.47
1412,2,6437.59
1413,2,3908.56
1414,2,8442.52
1415,2,5405.85
1416,3,8543.25
1417,2,9470.06
1419,4,11129.07
1420,4,11155.78
1421,3,9447.13
1422,3,2183.96
1423,3,20230.34
1424,2,14464.52
1425,2,9779.02
1426,2,3339.87
1427,2,12893.08
1428,3,11451.72
1429,3,16685.52
1430,3,10072.79
1431,1,24874.16
1432,4,35243.6
1433,2,1512.82
1434,2,9787.88
1435,3,22725.83
1436,2,4553.83
1437,1,1203.86
1438,2,16347.79
1439,2,18349.81
1440,2,10225.57
1442,2,6929.44
1443,4,18616.48
1444,2,3502.6
1446,2,12277.55
1447,3,8088.47
1448,1,5538.64
1449,3,17106.52
1450,3,14596.37
1451,1,4441.99
1452,2,18265.66
1453,2,5407.84
1454,3,9794.11
1455,2,23499.51
1456,3,17253.79
1457,3,9797.46
1458,3,12956.03
1459,3,16825.8
1460,1,4007.0
1461,1,8855.7
1462,3,13653.29
1463,1,1086.89
1464,3,6675.48
1465,1,11216.19
1466,3,14184.79
1467,2,6268.62
1468,3,9764.21
1469,3,14747.63
1470,2,7738.19
1471,4,20626.36
1472,2,13377.55
1473,3,29709.69
1474,3,18151.07
1475,2,8091.45
1476,2,11143.59
1477,3,28641.83
1478,2,18903.5
1479,3,9845.89
1480,3,17470.1
1481,2,16096.23
1482,3,16480.92
1483,2,5640.57
1484,2,6531.73
1485,1,14136.04
1486,3,14309.96
1487,2,9621.14
1488,3,14182.15
1489,3,7039.71
1490,3,8507.32
1491,2,4834.72
1492,2,2026.55
1493,3,11746.9
1494,1,6413.82
1495,2,2729.27
1496,3,17166.42
1497,3,11862.74
1498,2,4806.13
1499,2,2275.63
1500,3,3783.04
1501,1,577.65
1502,1,931.77
1503,3,25001.3
1504,2,5314.4
1505,2,10641.74
1506,3,19326.5
1507,4,43276.62
1508,1,16352.13
1509,4,12522.41
1510,2,3644.49
1511,2,8812.79
1512,2,9965.71
1513,4,14822.64
1514,2,20491.13
1515,3,24889.04
1516,3,11832.47
1517,2,12248.94
1518,3,39436.8
1519,3,18961.18
1520,2,3597.66
1521,1,5852.32
1522,2,7554.32
1523,2,16807.85
1524,3,26630.29
1525,3,11516.34
1526,3,13290.23
1527,2,2079.27
1528,4,35768.25
1530,2,8083.49
1531,1,1867.26
1532,2,1832.53
1533,3,11013.42
1534,2,8787.57
1535,2,5552.79
1536,2,12348.34
1537,2,6928.83
1538,2,7505.65
1539,3,18194.57
1540,2,1711.39
1541,3,17726.08
1542,1,7193.88
1543,3,11783.58
1544,3,10757.18
1545,2,20136.55
1546,3,19009.16
1547,3,28768.85
1548,2,6067.8
1549,3,19380.98
1550,2,7380.44
1551,2,3213.98
1552,2,5380.19
1553,1,3423.62
1554,2,3542.85
1555,4,13871.62
1556,3,22843.69
1557,4,25159.95
1558,3,18521.6
1559,1,637.36
1560,3,4300.33
1561,3,12246.04
1562,1,3806.49
1563,4,19486.9
1564,3,9828.26
1565,2,5023.88
1566,2,23637.66
1567,2,14180.02
1568,2,8968.32
1569,1,532.05
1570,4,11039.51
1571,3,10419.0
1572,3,11570.23
1573,4,21908.06
1574,3,13973.25
1575,2,1735.35
1576,3,10317.09
1577,1,7999.24
1579,2,9842.6
1580,3,6601.02
1581,2,12522.68
1582,4,18175.28
1583,4,34886.39
1584,2,15879.26
1585,2,4999.13
1586,3,13153.8
1587,1,988.78
1588,3,18083.27
1589,2,11455.6
1590,3,14483.02
1591,3,9187.03
1592,3,10128.5
1593,2,7224.91
1594,2,3948.59
1595,3,24036.62
1596,3,13804.61
1597,2,2863.82
1598,2,6163.88
1599,2,14138.2
1600,2,7217.89
1601,2,13031.36
1602,2,3151.56
1603,4,17790.79
1604,2,32817.15
1605,1,3175.58
1606,3,27245.32
1607,2,17113.16
1608,3,13226.79
1609,4,20345.92
1610,2,15381.35
1611,2,8902.32
1612,2,7497.44
1613,1,1104.65
1614,2,13087.94
1615,3,16360.26
1616,3,7061.3
1617,3,18078.58
1618,2,5501.09
1619,2,7626.58
1620,2,13877.41
1621,4,8544.59
1622,2,26364.34
1623,1,3149.4
1624,4,11385.91
1625,3,12786.96
1626,3,12011.65
1627,2,2704.09
1628,3,5023.31
1629,2,1644.28
1630,2,4902.82
1631,3,22929.95
1632,2,2674.28
1633,2,3172.34
1634,1,209.61
1635,2,7062.31
1636,3,25007.93
1637,2,3042.23
1638,1,714.66
1639,2,4704.91
1640,3,26381.29
1641,2,4914.82
1642,3,14526.54
1643,3,15507.4
1644,2,6175.12
1645,3,4099.63
1646,4,18678.98
1647,1,2890.34
1648,2,11973.22
1649,3,3701.19
1650,2,2293.44
1651,3,4992.68
1652,3,8304.63
1653,3,6257.46
1654,1,5495.36
1655,2,8296.43
1656,3,16690.61
1657,2,31460.3
1658,2,8203.6
1659,3,17055.73
1660,1,3333.67
1661,2,9583.11
1662,3,19929.78
1663,2,10405.82
1664,3,4691.65
1665,3,6150.76
1666,3,10978.62
1667,3,18625.7
1668,2,5328.68
1669,3,11878.23
1670,3,15505.24
1671,2,16680.87
1672,2,1800.94
1674,4,22395.38
1675,2,9022.39
1676,3,14580.12
1677,4,11081.07
1678,3,28158.66
1679,1,1100.61
1680,3,15527.2
1681,2,8158.6
1682,2,5428.21
1683,1,6900.7
1684,3,3600.0
1685,1,15445.78
1686,3,8661.74
1687,2,3796.57
1688,3,17319.71
1689,2,6406.47
1690,3,20262.31
1691,2,7990.77
1692,4,23079.03
1693,2,4757.62
1694,3,18333.36
1695,3,15577.89
1696,4,14467.63
1697,1,1600.39
1698,3,6779.55
1699,1,3997.71
1700,3,14575.53
1701,4,45524.29
1702,3,10490.99
1704,2,1395.73
1705,3,30830.47
1706,3,2315.92
1707,1,872.13
1708,2,3178.02
1709,3,7126.58
1710,3,18348.8
1711,1,7039.37
1712,3,11568.74
1713,2,13954.92
1714,2,5563.21
1715,2,23654.47
1716,2,10994.41
1717,3,20136.02
1718,2,11120.22
1719,3,13029.03
1720,3,11218.14
1721,3,9019.96
1722,1,6802.39
1723,2,10411.28
1724,3,17317.3
1725,2,4449.85
1726,3,9899.05
1727,1,6877.43
1728,2,1649.74
1729,2,16320.2
1730,1,15315.5
1731,2,17255.24
1732,1,1781.23
1733,3,38999.78
1734,3,15660.41
1735,2,4625.5
1736,1,762.13
1737,2,4898.78
1738,3,32145.78
1739,1,1127.35
1740,2,19838.85
1741,3,44768.39
1742,3,5999.19
1743,2,16309.69
1744,2,31083.92
1745,3,11195.11
1746,2,4624.76
1747,3,5891.17
1748,4,25889.1
1749,2,7647.64
1750,2,10989.62
1751,2,7466.83
1752,1,10134.28
1753,2,18094.02
1755,4,15862.02
1756,4,18697.47
1757,2,6575.69
1758,3,3107.91
1759,3,8289.15
1760,2,5300.7
1761,3,32509.55
1762,1,1096.73
1763,3,17807.9
1764,3,24871.1
1765,2,5759.4
1766,2,2862.73
1767,1,12867.84
1768,3,6430.45
1769,2,6642.95
1770,2,13420.32
1771,3,36281.22
1772,2,10344.57
1773,2,6169.57
1774,2,4993.05
1775,2,5442.5
1776,3,6366.41
1777,4,21633.06
1778,2,25154.12
1779,2,5607.8
1780,3,6897.3
1781,1,8031.65
1782,2,17954.04
1783,3,10837.43
1784,2,8654.48
1785,2,6809.08
1786,3,2608.66
1787,3,11417.66
1788,2,20172.74
1789,1,1000.08
1790,2,7524.76
1791,3,11417.12
1792,1,6395.91
1793,4,12266.4
1794,2,10429.83
1795,2,6223.62
1796,2,2303.26
1797,2,6135.79
1798,3,17191.53
1799,2,1000.32
1800,3,6845.0
1801,2,10259.29
1802,2,1550.29
1803,2,9627.48
1804,3,5672.9
1805,2,5231.45
1806,2,12359.94
1807,4,15548.27
1808,2,10242.84
1809,2,11252.1
1810,2,9401.61
1811,2,14865.6
1812,2,7905.75
1813,3,18801.11
1814,3,20531.76
1815,1,1300.92
1816,2,9895.82
1817,2,18086.88
1818,2,9973.02
1819,1,391.9
1820,2,1063.04
1821,2,6490.39
1822,2,5508.31
1823,2,10522.88
1824,3,9930.03
1825,3,5895.21
1826,2,26088.21
1828,2,11362.97
1829,4,20281.94
1830,2,4632.47
1831,2,8291.46
1832,3,12353.24
1833,4,16533.17
1834,2,18064.95
1835,3,13059.74
1836,3,20585.09
1837,3,3891.38
1838,4,34946.0
1839,2,11607.51
1841,3,11106.75
1842,3,6837.71
1843,2,10962.64
1844,2,18856.94
1845,2,8052.91
1846,4,34858.46
1847,1,7962.54
1848,2,2944.14
1849,3,7917.56
1850,3,18194.2
1851,1,3101.42
1852,3,14235.54
1853,3,14240.18
1854,2,12259.02
1855,4,21174.99
1856,3,10382.69
1857,1,6949.41
1858,2,4548.18
1859,2,5994.8
1860,3,10999.58
1861,1,1306.16
1862,2,7407.45
1863,3,5596.18
1864,3,5977.58
1865,3,20374.92
1866,2,12362.7
1867,3,13984.63
1868,2,9869.04
1869,3,20107.49
1870,3,7661.22
1871,2,9058.2
1872,2,6951.39
1873,3,21535.77
1874,2,3716.94
1875,3,14026.48
1876,2,1561.5
1877,2,14383.68
1878,2,16818.29
1879,3,11027.52
1880,2,16125.43
1881,2,4382.65
1882,2,11363.61
1883,2,16778.6
1884,2,6981.76
1885,3,5257.28
1886,3,12611.31
1887,2,10494.59
1888,2,19983.89
1889,4,20522.56
1890,2,4698.31
1891,2,9235.57
1892,3,22443.96
1893,2,5265.62
1894,2,5442.53
1895,2,4548.78
1896,3,3690.08
1897,2,8436.45
1898,2,9971.17
1899,1,11001.81
1900,2,5779.74
1901,3,13203.32
1902,2,17121.36
1903,2,1935.06
1904,3,4770.85
1905,2,7220.19
1906,3,22488.1
1907,3,23701.95
1908,3,6714.58
1909,2,5936.93
1911,2,16960.77
1912,3,4824.85
1913,3,32906.65
1914,3,13122.0
1915,4,29954.3
1916,2,5114.64
1917,3,52831.04
1918,2,6813.5
1919,3,11023.97
1920,2,19785.54
1921,3,17305.47
1922,4,40285.24
1923,2,16378.12
1924,2,9049.5
1925,3,10510.99
1926,2,27170.99
1927,2,14532.84
1928,3,11720.22
1929,2,16896.89
1930,3,13568.87
1931,3,6694.32
1932,1,6245.55
1933,3,19556.26
1934,1,4263.88
1935,2,21978.51
1936,3,6584.56
1937,1,1430.34
1938,1,3169.81
1939,2,25605.21
1940,3,14145.14
1941,3,22345.97
1942,4,21033.01
1943,2,16684.54
1944,2,5389.86
1945,2,15413.55
1946,3,6281.17
1947,3,13930.16
1948,3,16031.41
1949,3,12375.13
1950,1,1531.17
1951,1,1018.1
1952,3,25080.09
1953,2,8198.14
1954,4,14772.28
1955,4,28688.02
1956,2,10878.19
1957,3,24700.19
1958,3,26485.94
1959,2,2381.83
1960,3,8729.38
1961,3,16272.33
1962,1,10967.55
1963,4,7905.08
1964,3,26975.35
1965,3,28926.44
1966,4,25592.85
1967,2,8855.33
1968,2,1930.97
1969,3,13034.64
1970,3,26446.85
1971,2,19699.26
1972,4,25115.91
1973,2,16615.11
1974,2,11690.23
1975,2,802.54
1976,3,8743.72
1977,2,1993.74
1978,1,653.71
1979,1,3304.67
1980,3,15128.49
1981,2,9093.57
1982,2,26091.02
1983,3,9930.15
1984,1,303.14
1985,2,18951.92
1986,2,7632.47
1987,1,12188.91
1988,2,6768.02
1989,2,15380.57
1990,2,6440.02
1991,4,32041.63
1992,3,29369.96
1993,2,2823.23
1994,3,8357.11
1995,3,5411.02
1996,2,6847.13
1997,3,5962.92
1998,4,38357.8
1999,1,1695.13
2000,3,4416.1
2001,2,13553.04
2002,2,3624.88
2003,2,10331.7
2004,2,6445.34
2005,3,6795.74
2006,1,1873.68
2007,2,6339.13
2008,3,23643.35
2009,2,6484.28
2010,2,18129.83
2011,4,13844.97
2012,3,13797.48
2013,2,8668.53
2014,4,8834.53
2015,3,9409.89
2016,3,17755.03
2017,3,13707.41
2018,2,11813.0
2019,3,16822.8
2020,2,12343.81
2021,3,9179.53
2022,2,9437.91
2023,3,10452.43
2024,3,15847.49
2026,3,8638.63
2027,2,10246.03
2028,2,8258.2
2029,2,5998.63
2030,3,4843.45
2031,1,2554.75
2032,1,2147.45
2033,1,1728.26
2034,2,4641.23
2035,3,16404.27
2036,2,18283.47
2037,3,17576.63
2038,3,15946.24
2039,2,12313.59
2040,2,14853.64
2041,2,8075.32
2042,3,10068.18
2043,2,3809.53
2044,1,523.9
2045,3,4694.16
2046,1,1006.47
2047,2,8325.71
2048,3,6959.52
2049,3,18252.72
2050,3,26525.46
2051,2,1542.06
2052,2,5765.43
2053,1,4998.7
2054,3,6627.47
2055,3,9213.64
2056,3,28554.12
2057,2,16878.49
2058,2,9065.54
2059,2,18217.18
2060,2,3353.95
2061,3,8443.05
2062,1,1119.7
2063,1,944.15
2064,2,4968.87
2065,2,22758.44
2066,2,2762.08
2067,2,3572.55
2068,3,18183.47
2069,2,22760.01
2070,3,20478.22
2071,2,5692.28
2072,3,16692.35
2073,3,34560.17
2074,3,3612.67
2075,2,3231.1
2076,1,1711.16
2077,1,3805.18
2078,3,10751.56
2079,3,13233.65
2080,2,11586.77
2081,3,10098.68
2082,3,15290.33
2083,2,1250.99
2084,3,16953.54
2085,2,18261.53
2086,3,11602.8
2087,2,10960.98
2088,3,10528.82
2089,2,5732.8
2090,2,5128.86
2091,3,23053.8
2092,2,20197.22
2093,4,17046.45
2094,2,3298.88
2095,3,26578.57
2096,3,6985.87
2097,1,518.36
2098,3,12616.77
2099,2,2945.77
2100,2,10849.6
2101,2,7290.6
2102,4,15653.59
2103,2,2197.94
2104,2,8796.65
2105,1,7123.42
2106,4,22112.1
2107,2,15443.0
2108,3,7348.35
2109,3,11997.83
2110,1,8879.94
2111,1,4784.16
2112,1,455.29
2113,2,9168.12
2114,2,20348.04
2115,2,5072.66
2116,3,7716.34
2117,2,1390.52
2118,2,5306.54
2119,3,11584.07
2120,2,17249.59
2121,3,13227.67
2122,2,15165.82
2123,2,3393.2
2124,2,32840.42
2125,3,8284.11
2126,3,31015.85
2127,2,7117.62
2128,3,41598.85
2129,2,14119.45
2130,3,4484.42
2131,2,13018.39
2132,4,12465.01
2133,3,5697.7
2134,1,2834.14
2135,2,1577.81
2136,2,7026.24
2138,2,16112.46
2139,2,14939.89
2140,3,12167.44
2141,3,3579.12
2142,2,11399.32
2143,2,1854.74
2144,1,3943.36
2145,3,9368.91
2146,3,10175.24
2147,2,1928.97
2148,3,21792.23
2149,3,15006.8
2150,1,8073.61
2151,2,8179.5
2152,2,2266.11
2153,3,4189.72
2154,2,5404.52
2155,2,14472.31
2156,2,9068.49
2157,1,1268.55
2158,2,10325.78
2159,3,8412.62
2160,3,12799.52
2161,2,4950.99
2162,3,12949.4
2163,3,10000.3
2164,3,20214.75
2165,3,11407.04
2166,2,17929.9
2167,2,2390.67
2168,3,17777.11
2169,2,6523.44
2170,4,20989.46
2171,2,11330.14
2172,2,2608.3
2173,3,7895.95
2174,2,14172.57
2175,2,19075.91
2176,3,13859.19
2177,2,4090.72
2178,2,3416.09
2179,4,25941.18
2180,3,7084.79
2181,2,5625.68
2182,3,20201.63
2183,2,13839.2
2184,3,17454.05
2185,2,6854.23
2186,2,23151.75
2187,3,6682.99
2188,2,5782.32
2189,1,9057.77
2190,3,15493.5
2191,2,8148.97
2192,2,8028.89
2193,4,17342.26
2194,3,26907.71
2195,1,1104.92
2196,4,17470.86
2197,2,11135.25
2198,1,4315.86
2199,2,7190.99
2200,2,13105.89
2201,2,7474.27
2202,2,4370.21
2203,3,15001.34
2204,2,6330.41
2205,2,23909.57
2206,3,9233.05
2207,2,10625.39
2208,3,4763.25
2209,3,24255.64
2210,3,14955.67
2211,3,4496.51
2212,3,9361.24
2213,2,13540.04
2214,1,2885.86
2215,2,25758.41
2216,2,3041.98
2217,1,3171.83
2218,3,12928.73
2219,3,4324.62
2220,4,23610.48
2221,1,7390.32
2222,2,1235.06
2223,2,18957.23
2224,2,4743.91
2225,3,15094.76
2226,3,2395.88
2227,1,4469.58
2228,3,2459.1
2229,4,28493.33
2230,1,1186.45
2231,2,2551.26
2232,2,4276.13
2233,3,14932.58
2234,2,15284.6
2235,2,14186.57
2236,3,10482.25
2237,1,2962.25
2238,2,6208.79
2239,3,21241.21
2240,2,8961.89
2241,3,7195.64
2242,3,7914.63
2243,1,3008.66
2244,3,20883.46
2245,3,24396.22
2246,2,6164.7
2247,2,1283.94
2248,2,4927.61
2249,2,14397.36
2250,2,3338.13
2251,1,1700.51
2252,1,10561.4
2253,3,10084.19
2254,3,17980.11
2255,3,11099.74
2256,2,5346.78
2257,1,5546.8
2258,1,2657.96
2259,3,19430.28
2260,1,1886.14
2261,3,19919.88
2262,2,13363.51
2263,1,5134.7
2264,2,4395.65
2265,3,10034.23
2266,3,11145.52
2267,3,27363.74
2268,3,7735.15
2269,3,13951.2
2271,3,23519.21
2272,2,8941.1
2273,2,8290.84
2274,3,13365.89
2275,3,13010.73
2276,2,14612.76
2277,2,6129.41
2278,2,19277.51
2279,2,4917.56
2280,3,4892.17
2281,3,27569.79
2282,2,15971.83
2283,1,7192.3
2284,3,8033.39
2285,3,11353.62
2286,2,14079.38
2287,2,15237.85
2288,2,26021.6
2289,1,1183.59
2290,1,4636.91
2291,1,3372.98
2292,4,6999.94
2293,2,3554.43
2294,2,8650.03
2295,2,17787.59
2296,4,23235.48
2297,3,13266.34
2298,2,8344.76
2299,4,15619.42
2300,3,15833.96
2301,3,9661.89
2302,3,22038.74
2303,3,22814.09
2304,2,4093.38
2305,2,19783.62
2306,2,3037.49
2307,2,6674.28
2308,2,8855.6
2309,1,5910.76
2310,2,24152.48
2311,3,10218.68
2312,3,9786.13
2313,2,10348.82
2314,2,5375.76
2315,2,2828.27
2316,2,11921.5
2317,3,18101.48
2318,2,9283.82
2319,4,19315.71
2320,2,6395.55
2321,2,9235.95
2322,3,29886.29
2323,2,4330.3
2324,3,10044.1
2325,3,5355.83
2326,3,7931.34
2327,3,20907.87
2328,2,8269.1
2329,4,21841.57
2330,1,5568.14
2331,1,21598.54
2332,3,7909.1
2333,4,15679.2
2334,2,9857.89
2335,3,11846.24
2336,1,3177.84
2337,1,1408.4
2338,1,6174.6
2339,4,16278.21
2340,3,7868.52
2341,2,3996.05
2342,3,22503.1
2343,3,11890.63
2344,2,6966.16
2345,3,15924.81
2346,4,26809.98
2347,2,6682.7
2348,3,17006.29
2349,4,7084.39
2350,2,6793.7
2351,3,12744.49
2352,2,6440.16
2353,1,3932.86
2354,3,20659.41
2355,3,7654.52
2356,2,5468.25
2357,4,17069.4
2358,3,24303.46
2359,2,13164.9
2360,3,10198.92
2361,3,9120.41
2362,2,10665.75
2363,3,8542.26
2364,2,29464.4
2365,3,38808.3
2366,2,20335.52
2367,4,22039.22
2368,2,9372.54
2369,2,13519.79
2370,4,30986.64
2371,3,14508.79
2372,2,8528.57
2373,3,22034.06
2374,3,6156.7
2375,1,2897.23
2376,2,7612.56
2377,2,5571.21
2378,2,17394.52
2379,1,2832.72
2380,3,20274.26
2381,2,8088.36
2382,2,9232.83
2383,2,6688.74
2384,2,5391.48
2385,3,5724.83
2386,2,12848.3
2387,2,10185.67
2388,2,11770.8
2389,2,1353.12
2390,2,1912.09
2391,2,12457.39
2392,2,11311.76
2393,2,19764.39
2394,2,3198.87
2395,3,9228.67
2396,1,12492.82
2397,2,21277.78
2398,3,11061.51
2399,4,25537.89
2400,2,4307.0
2401,3,32850.91
2402,2,9612.34
2403,2,11655.82
2404,3,14397.14
2405,4,12531.44
2406,3,19191.96
2407,2,18684.57
2408,2,4542.79
2411,2,10606.54
2412,4,16765.04
2413,3,21181.22
2414,3,3919.87
2415,3,4601.23
2416,3,16872.48
2417,1,2714.96
2418,2,14925.68
2419,2,2083.85
2420,3,16582.94
2421,2,9060.55
2422,2,12670.52
2423,3,8384.91
2424,2,6157.61
2425,2,17215.9
2426,3,16630.19
2427,3,15732.57
2428,2,1906.03
2429,2,15242.47
2430,2,6454.84
2431,3,8977.36
2432,2,2382.41
2433,2,1759.89
2434,3,6000.88
2435,3,11374.16
2436,3,23609.68
2437,1,7580.68
2438,2,17596.55
2439,2,12668.6
2440,2,9931.73
2441,3,14246.52
2442,3,4240.05
2443,4,21953.28
2444,2,14467.32
2445,3,2422.47
2446,3,12624.04
2447,2,13841.34
2448,1,1068.2
2449,1,10773.36
2450,4,17106.01
2451,2,2242.65
2452,2,13586.65
2453,2,8928.53
2454,2,4161.03
2455,2,3167.17
2456,3,7104.6
2457,2,7986.33
2458,2,8469.67
2459,3,15177.82
2460,4,15314.71
2461,2,3307.52
2462,3,1260.29
2463,1,2686.3
2464,1,3016.68
2465,2,2684.73
2466,3,11297.61
2467,3,9019.72
2468,1,7403.49
2469,2,7775.71
2470,2,13427.1
2471,3,13773.58
2472,1,386.25
2473,3,4067.97
2474,2,5602.2
2475,3,9272.43
2476,3,18928.27
2477,1,2676.25
2478,3,16497.35
2479,3,21492.58
2480,2,6297.4
2481,2,7980.71
2482,4,10131.09
2483,1,1855.53
2484,1,8154.74
2485,3,25320.88
2486,3,21948.9
2487,1,14056.16
2488,1,7491.42
2489,3,2179.61
2490,2,3726.27
2491,2,9882.96
2492,2,7005.45
2493,3,9326.95
2494,3,16273.77
2495,2,1264.01
2496,1,1384.18
2497,4,15218.6
2498,3,19681.69
2499,1,4513.77
2500,3,24167.65
2501,2,1829.07
2502,3,13709.08
2503,3,6984.3
2504,3,9324.74
2505,3,22765.84
2506,3,27701.89
2507,3,10374.94
2508,2,1633.41
2509,3,16354.88
2510,1,6715.29
2511,3,19531.58
2512,1,2274.9
2513,3,17054.11
2514,2,12251.39
2515,4,23154.05
2516,3,19269.15
2517,2,15206.71
2518,3,10010.25
2519,3,14990.53
2520,2,5808.52
2521,3,10472.12
2522,3,2934.91
2523,1,6752.21
2524,2,5105.24
2525,2,1551.71
2526,2,12044.89
2527,3,19585.2
2528,3,6313.28
2529,2,15661.51
2530,2,1864.63
2531,2,4452.06
2532,2,5929.96
2533,2,9946.97
2534,3,2795.63
2535,2,4425.26
2536,2,14769.19
2537,3,39985.3
2538,3,18758.69
2539,1,3849.4
2540,1,6520.34
2541,2,8112.28
2542,3,9031.55
2543,2,15464.42
2544,2,4261.41
2545,2,6202.72
2546,3,29852.14
2547,2,4379.28
2548,2,2653.39
2549,2,11557.81
2550,3,10499.38
2551,2,3096.63
2552,4,6131.8
2553,3,22122.9
2554,3,22977.81
2555,2,10460.4
2556,2,1507.83
2557,2,8310.66
2558,2,12257.85
2559,3,25568.27
2560,3,10534.44
2561,3,11950.16
2562,3,12647.92
2563,1,4000.74
2564,3,7792.15
2565,3,20011.41
2566,3,14920.34
2567,2,7833.19
2568,2,2542.44
2570,4,15546.02
2571,2,2096.73
2572,2,3999.42
2573,1,5114.41
2574,2,11360.19
2575,4,17680.89
2576,3,8292.87
2577,4,7048.8
2578,2,11159.65
2579,2,18232.17
2580,2,11813.29
2581,4,12093.84
2582,1,3224.4
2583,4,23989.19
2584,4,8643.2
2585,2,10446.35
2586,3,23368.74
2587,2,23110.64
2588,2,3205.37
2589,1,7485.97
2590,3,11066.19
2591,2,7223.36
2592,1,1795.76
2593,3,12321.22
2594,3,7746.0
2595,2,9623.54
2596,3,19424.0
2597,3,9649.87
2598,3,10758.72
2599,1,9024.45
2600,3,6521.97
2601,2,23932.95
2603,3,17349.6
2604,2,8670.15
2605,3,12267.28
2606,2,18925.84
2607,3,9401.89
2608,3,21545.48
2609,2,32522.38
2610,2,11786.66
2611,3,14675.66
2612,1,654.24
2613,1,2210.73
2614,3,6343.78
2615,1,1825.92
2616,2,2086.67
2617,4,12501.67
2618,2,10880.55
2619,3,12914.69
2620,2,7398.28
2621,3,7073.08
2622,1,841.9
2623,3,44087.85
2624,3,7529.86
2625,1,8037.26
2626,1,7073.87
2628,1,471.8
2629,1,669.12
2630,1,2532.74
2631,1,14150.58
2633,1,1407.87
2634,1,14375.87
2637,1,214.03
2640,1,6064.14
2641,1,10982.19
2642,1,3648.64
2643,1,1412.0
2644,1,7931.43
2647,1,2701.8
2648,1,3365.52
2649,1,1640.16
2650,1,273.14
2651,1,7117.94
2652,1,6240.33
2653,1,1642.68
2657,1,866.19
2658,1,17374.57
2659,1,14736.68
2660,1,891.34
2661,1,2619.07
2662,1,8532.0
2663,1,1685.61
2666,1,11768.48
2667,1,4870.56
2669,1,6124.56
2670,1,1056.0
2671,1,6463.85
2672,1,15216.38
2673,1,999.58
2674,1,9677.37
2676,1,3266.21
2679,1,7119.76
2680,1,587.95
2681,1,771.87
2682,1,6841.9
2683,1,734.76
2684,1,301.85
2686,1,1287.46
2687,1,3600.4
2688,1,2245.0
2689,1,2074.5
2690,1,1512.45
2691,1,4315.98
2692,1,5019.0
2693,1,1305.33
2694,1,11532.56
2696,1,1534.1
2697,1,7222.15
2698,1,972.71
2699,1,1375.04
2702,1,4048.15
2704,1,4970.86
2706,1,3990.44
2707,1,6293.34
2708,1,1160.55
2709,1,8664.5
2710,1,7507.62
2711,1,3605.64
2712,1,13961.0
2713,1,14552.05
2714,1,1396.34
2716,1,605.13
2718,1,3974.39
2719,1,1360.19
2720,1,12276.56
2721,1,7291.62
2722,1,770.3
2724,1,9415.2
2727,1,5546.21
2728,1,2045.15
2729,1,5633.57
2730,1,514.82
2731,1,8027.56
2732,1,6565.82
2736,1,499.4
2738,1,4380.12
2739,1,1189.98
2740,1,1793.42
2741,1,2704.1
2742,1,451.37
2743,1,1055.13
2744,1,27128.17
2746,1,1760.03
2747,1,397.94
2748,1,14381.6
2749,1,3298.95
2750,1,7410.58
2751,1,4869.68
2752,1,11298.24
2753,1,491.22
2754,1,858.31
2756,1,7601.39
2757,1,6584.21
2758,1,15892.06
2759,1,7867.03
2760,1,2472.73
2761,1,1142.64
2762,1,465.64
2763,1,2351.28
2764,1,6173.08
2767,1,197.84
2769,1,516.84
2770,1,7231.91
2771,1,6221.85
2772,1,2412.79
2773,1,1073.34
2776,1,6406.75
2777,1,13383.38
2778,1,5368.94
2779,1,6555.61
2780,1,2491.69
2781,1,13077.24
2782,1,1136.72
2783,1,1631.51
2786,1,5193.91
2788,1,6738.92
2789,1,7319.97
2790,1,5618.28
2791,1,931.36
2792,1,14650.68
2793,1,5254.82
2794,1,2884.04
2796,1,6313.09
2797,1,1778.56
2798,1,8091.59
2799,1,5235.38
2800,1,17405.84
2801,1,3896.78
2802,1,6371.87
2803,1,2755.06
2804,1,1234.67
2806,1,4528.36
2808,1,3359.75
2809,1,1289.27
2810,1,1034.31
2811,1,883.75
2812,1,7455.79
2814,1,5921.94
2816,1,1555.5
2817,1,2779.22
2818,1,1129.38
2819,1,7965.45
2820,1,17520.87
2821,1,6136.12
2822,1,3928.42
2823,1,1425.11
2826,1,15706.13
2827,1,9046.13
2829,1,15252.58
2830,1,4580.36
2831,1,722.51
2832,1,1424.25
2834,1,4758.75
2836,1,1083.85
2837,1,6014.59
2838,1,4169.78
2840,1,7362.02
2841,1,5427.68
2842,1,517.54
2843,1,1525.75
2844,1,1816.13
2846,1,298.1
2847,1,1117.07
2848,1,5112.34
2849,1,5185.79
2850,1,4974.59
2851,1,1960.12
2853,1,1048.16
2854,1,6050.71
2856,1,5996.81
2857,1,8983.92
2858,1,7047.11
2860,1,3690.66
2861,1,1301.57
2862,1,8775.71
2863,1,4094.06
2864,1,2139.66
2867,1,3886.28
2869,1,1442.15
2870,1,4262.12
2871,1,3207.87
2872,1,930.0
2873,1,1218.93
2874,1,1229.65
2876,1,2323.46
2877,1,499.53
2878,1,1045.13
2880,1,2151.2
2881,1,3166.18
2882,1,2325.25
2883,1,508.28
2884,1,10036.74
2886,1,2739.21
2887,1,12984.07
2888,1,7280.2
2889,1,1585.33
2890,1,1914.14
2891,1,7831.63
2892,1,1670.69
2893,1,1865.07
2894,1,1386.49
2897,1,1973.99
2898,1,1145.47
2900,1,1699.51
2901,1,8131.79
2902,1,613.13
2903,1,222.04
2904,1,9184.02
2907,1,4651.18
2908,1,7592.06
2910,1,1196.58
2912,1,2034.01
2913,1,1420.62
2914,1,18012.41
2916,1,3046.82
2917,1,1926.74
2918,1,370.52
2919,1,1245.09
2920,1,7269.55
2921,1,3344.21
2923,1,5984.89
2924,1,25372.34
2926,1,2994.02
2927,1,12228.62
2928,1,19898.84
2929,1,5861.63
2930,1,869.05
2931,1,1106.7
2933,1,1403.54
2936,1,1631.92
2937,1,1134.79
2938,1,1534.7
2939,1,2405.2
2940,1,1367.25
2941,1,1697.53
2942,1,18722.89
2943,1,13221.95
2946,1,4435.47
2947,1,505.51
2948,1,6020.6
2949,1,6770.55
2951,1,472.14
2952,1,1259.98
2953,1,2800.2
2954,1,8742.34
2956,1,5839.2
2957,1,1002.36
2958,1,5787.12
2959,1,3454.29
2960,1,6294.36
2961,1,5638.02
2962,1,5178.58
2963,1,2590.74
2966,1,7561.42
2967,1,10127.43
2968,1,459.03
2969,1,5941.14
2970,1,1752.9
2971,1,1317.95
2972,1,3432.5
2973,1,6235.36
2974,1,566.53
2976,1,849.08
2977,1,966.33
2978,1,9660.79
2979,1,7704.65
2980,1,2474.59
2981,1,6822.95
2982,1,4140.51
2983,1,1530.72
2984,1,18784.14
2986,1,14538.2
2988,1,749.31
2989,1,3106.13
2990,1,15729.47
2991,1,8935.03
2992,1,2725.02
2993,1,1399.41
2996,1,5114.06
2997,1,924.21
2998,1,3357.32
2999,1,13628.28
3000,1,1865.74
3001,1,3512.02
3002,1,522.26
3004,1,6269.23
3006,1,2104.45
3007,1,443.82
3009,1,8043.46
3010,1,1958.96
3012,1,5587.44
3013,1,2880.45
3014,1,8886.16
3016,1,7995.91
3017,1,479.51
3018,1,1263.07
3019,1,4194.42
3020,1,2558.03
3021,1,4454.09
3022,1,10636.68
3023,1,4105.46
3024,1,7647.92
3026,1,954.68
3027,1,3375.09
3029,1,3422.32
3030,1,792.29
3031,1,776.65
3032,1,801.47
3033,1,2469.37
3034,1,17083.85
3036,1,3722.62
3037,1,1286.9
3038,1,913.49
3039,1,22577.44
3040,1,4771.6
3041,1,3151.77
3043,1,7638.08
3044,1,12087.18
3046,1,18438.58
3047,1,7581.57
3049,1,12866.92
3050,1,2135.48
3051,1,12583.9
3052,1,794.84
3053,1,4961.53
3056,1,9611.17
3057,1,2678.76
3058,1,8438.66
3059,1,4367.6
3060,1,1359.15
3061,1,5410.49
3062,1,10444.11
3063,1,7389.02
3064,1,629.78
3066,1,3149.17
3067,1,3304.05
3068,1,892.79
3069,1,8561.06
3070,1,1875.43
3071,1,3062.14
3072,1,6003.18
3073,1,13437.91
3074,1,886.59
3076,1,13918.82
3077,1,872.98
3079,1,2127.62
3080,1,1306.47
3081,1,2778.87
3082,1,1449.4
3083,1,10064.55
3084,1,1256.81
3086,1,1333.34
3087,1,17318.45
3088,1,11066.51
3089,1,2144.42
3090,1,859.73
3092,1,1715.74
3093,1,3391.74
3094,1,7941.1
3096,1,3139.43
3097,1,3828.42
3099,1,883.02
3100,1,2228.41
3101,1,277.71
3102,1,350.24
3104,1,10635.54
3106,1,1163.07
3107,1,2112.09
3108,1,3281.4
3109,1,7088.03
3110,1,11692.86
3112,1,999.3
3113,1,3405.6
3114,1,411.12
3116,1,661.48
3117,1,1031.02
3118,1,7855.82
3119,1,7159.2
3120,1,9171.92
3122,1,6336.48
3123,1,490.69
3124,1,611.08
3126,1,504.81
3127,1,849.49
3129,1,8477.67
3130,1,1085.24
3131,1,452.55
3132,1,3440.16
3133,1,493.84
3134,1,10224.59
3136,1,4259.63
3137,1,1011.03
3138,1,4597.38
3139,1,6388.69
3140,1,11118.76
3141,1,9468.26
3142,1,1233.14
3143,1,26650.49
3144,1,4568.22
3146,1,515.97
3147,1,8928.16
3148,1,6675.84
3149,1,735.06
3150,1,5240.31
